{
    "CAIXA_01_ARB": {
        "cash": 15.498020000000198,
        "inventory": 480.0,
        "balance": 495.4980200000002,
        "roi": -0.00900395999999955,
        "start": 500.0
    },
    "CAIXA_02_MM": {
        "cash": 607.4477163801122,
        "inventory": 50.0,
        "balance": 610.1977163801122,
        "roi": 0.22039543276022436,
        "start": 500.0
    },
    "CAIXA_03_SENT": {
        "cash": 569.2019958025169,
        "inventory": 90.0,
        "balance": 654.2519958025168,
        "roi": 0.30850399160503367,
        "start": 500.0
    },
    "CAIXA_04_SNI": {
        "cash": 96.5923883510945,
        "inventory": 0.0,
        "balance": 96.5923883510945,
        "roi": 1.4148097087773626,
        "start": 40.0
    }
}