{
    "CAIXA_01_ARB": {
        "cash": 500.0,
        "inventory": 0.0,
        "balance": 500.0,
        "roi": 0.0,
        "start": 500.0
    },
    "CAIXA_02_MM": {
        "cash": 535.0875518099879,
        "inventory": 50.0,
        "balance": 537.8375518099879,
        "roi": 0.07567510361997574,
        "start": 500.0
    },
    "CAIXA_03_SENT": {
        "cash": 499.54119399219775,
        "inventory": 75.0,
        "balance": 503.66619399219775,
        "roi": 0.007332387984395496,
        "start": 500.0
    },
    "CAIXA_04_SNI": {
        "cash": 45.43787350860572,
        "inventory": 0.0,
        "balance": 45.43787350860572,
        "roi": 0.135946837715143,
        "start": 40.0
    }
}