{
    "hardware": {
        "gpu_temp": 0,
        "gpu_load": 0,
        "cpu_load": 2.5,
        "ram_used": 3.3,
        "safe_mode": true
    },
    "finance": {
        "CAIXA_01_ARB": {
            "cash": 15.498020000000198,
            "inventory": 480.0,
            "start": 500.0,
            "balance": 495.4980200000002,
            "roi": -0.00900395999999955,
            "active_index": 0,
            "targets": [
                {
                    "yes": "75467129615908319583031474642658885479135630431889036121812713428992454630178",
                    "no": "3842963720267267286970642336860752782302644680156535061700039388405652129691"
                },
                {
                    "yes": "8501497159083948713316135768103773293754490207922884688769443031624417212426",
                    "no": "2527312495175492857904889758552137141356236738032676480522356889996545113869"
                },
                {
                    "yes": "98022490269692409998126496127597032490334070080325855126491859374983463996227",
                    "no": "53831553061883006530739877284105938919721408776239639687877978808906551086026"
                }
            ]
        },
        "CAIXA_02_MM": {
            "cash": 607.4575969241922,
            "inventory": 50.0,
            "start": 500.0,
            "balance": 610.2075969241922,
            "roi": 0.22041519384838443,
            "token_id": "110251828161543119357013227499774714771527179764174739487025581227481937033858"
        },
        "CAIXA_03_SENT": {
            "cash": 583.4616717469469,
            "inventory": 75.0,
            "start": 500.0,
            "balance": 654.3366717469469,
            "roi": 0.30867334349389375,
            "token_id": "65176388692130651396848427090788038285140833850265294793449655516920659740141"
        },
        "CAIXA_04_SNI": {
            "cash": 96.60762398725952,
            "inventory": 0.0,
            "start": 40.0,
            "balance": 96.60055490483701,
            "roi": 1.4150138726209254,
            "token_id": "90435811253665578014957380826505992530054077692143838383981805324273750424057"
        }
    },
    "latency": {
        "network": 188.25721740722656,
        "compute": 366.62745475769043,
        "execution": 52.04510688781738
    },
    "timestamp": 1773281762.3918643,
    "status": "POLYMARKET-TURBO"
}